E101,Ram,Singh,ram.singh@gmail.com,55
E1010,Ram,Singh,ram.singh@gmail.com,55
E1011,Shyam,Singh,shyam.singh@gmail.com,45
E1012,Mohan,Reddy,mohan.reddy@gmail.com,49
E1013,Ram,Singh,ram.singh@gmail.com,55
E1014,Shyam,Singh,shyam.singh@gmail.com,45
E1015,Mohan,Reddy,mohan.reddy@gmail.com,49
E1016,Ram,Singh,ram.singh@gmail.com,55
E1017,Shyam,Singh,shyam.singh@gmail.com,45
E1018,Mohan,Reddy,mohan.reddy@gmail.com,49
E1019,Ram,Singh,ram.singh@gmail.com,55
E102,Shyam,Singh,shyam.singh@gmail.com,45
E1020,Shyam,Singh,shyam.singh@gmail.com,45
E1021,Mohan,Reddy,mohan.reddy@gmail.com,49
E1022,Ram,Singh,ram.singh@gmail.com,55
E1023,Shyam,Singh,shyam.singh@gmail.com,45
E1024,Mohan,Reddy,mohan.reddy@gmail.com,49
E1025,Ram,Singh,ram.singh@gmail.com,55
E1026,Shyam,Singh,shyam.singh@gmail.com,45
E1027,Mohan,Reddy,mohan.reddy@gmail.com,49
E1028,Ram,Singh,ram.singh@gmail.com,55
E1029,Shyam,Singh,shyam.singh@gmail.com,45
E103,Mohan,Reddy,mohan.reddy@gmail.com,49
E1030,Mohan,Reddy,mohan.reddy@gmail.com,49
E104,Sohan,Kumar,sohan.singh@gmail.com,55
E105,Sachin,Tendulkar,sachin.tendulkar@gmail.com,45
E106,James,Gosling,james@gmail.com,49
E107,Java,CodingSkills,javacodingskills@gmail.com,55
E108,Spring,Batch,spring.batch@gmail.com,45
E109,Spring,Boot,springboot@gmail.com,49
